2007-08-02T00:00:00.000Z,2007-09-03T00:00:00.000Z
2007-09-04T00:00:00.000Z,2007-09-12T00:00:00.000Z
2007-09-13T00:00:00.000Z,2007-09-15T00:00:00.000Z
2007-09-17T00:00:00.000Z,2007-10-02T00:00:00.000Z
2007-10-03T00:00:00.000Z,2007-11-29T00:00:00.000Z
2007-11-30T00:00:00.000Z,2007-12-03T00:00:00.000Z
2007-12-04T00:00:00.000Z,2008-03-21T00:00:00.000Z
2008-04-04T00:00:00.000Z,2009-08-23T00:00:00.000Z
2009-08-24T00:00:00.000Z,2009-09-08T00:00:00.000Z
2009-09-09T00:00:00.000Z,2016-07-01T00:00:00.000Z
2016-07-02T00:00:00.000Z,2017-10-11T00:00:00.000Z
2017-10-12T00:00:00.000Z,2018-03-09T00:00:00.000Z
2018-03-20T00:00:00.000Z,2018-05-04T00:00:00.000Z
2018-05-05T00:00:00.000Z,2021-08-05T00:00:00.000Z
2021-08-14T00:00:00.000Z,2022-10-11T00:00:00.000Z
2022-10-12T00:00:00.000Z,2023-03-22T00:00:00.000Z